classifier__C,classifier__gamma,classifier__kernel,Mean Log Loss
10.0,0.1,rbf,1.9591703550736992
10.0,scale,rbf,1.9593353446190331
0.5,scale,rbf,1.9601192178265645
0.5,0.1,rbf,1.9603068982441012
1.0,0.1,rbf,1.960323337323728
1.0,scale,rbf,1.9603243605879315
0.5,0.01,rbf,1.9640034250770675
1.0,0.01,rbf,1.964007321040612
10.0,0.01,rbf,1.9642632855505604


1.0,0.1,rbf,1.957457119118759