classifier__C,classifier__gamma,classifier__kernel,Mean Log Loss
10.0,0.1,rbf,1.9476993086970533
10.0,scale,rbf,1.9479643329767509
1.0,0.1,rbf,1.948564706625546
1.0,scale,rbf,1.9489065434646968
0.5,0.1,rbf,1.9491390817664005
0.5,scale,rbf,1.9495626107794835
10.0,0.01,rbf,1.9512067121161252
1.0,0.01,rbf,1.954127180552748
0.5,0.01,rbf,1.9554484268926138
