classifier__C,classifier__gamma,classifier__kernel,Mean Log Loss
10.0,0.1,rbf,1.950723374188594
10.0,scale,rbf,1.9507339595879238
1.0,scale,rbf,1.9511575625180915
1.0,0.1,rbf,1.9512301125957792
0.5,scale,rbf,1.9516349529599342
0.5,0.1,rbf,1.95172844928184
10.0,0.01,rbf,1.9543671506711768
1.0,0.01,rbf,1.9564687668800544
0.5,0.01,rbf,1.957365490877755
