C,gamma,kernel,Mean Log Loss
1.0,0.1,rbf,1.9566210198631904
1.0,scale,rbf,1.9568963853436159
0.5,0.1,rbf,1.9575526250078554
10.0,0.01,rbf,1.9576958802172861
0.5,scale,rbf,1.957701995150676
1.0,0.01,rbf,1.9579522088752435
0.5,0.01,rbf,1.9581384220671623
10.0,scale,rbf,1.9589648303381189
10.0,0.1,rbf,1.960210461554086
